,index,hazard_type
0,Allergen,0.45620344207552016
1,Microbiological,0.34240945286411506
2,Extraneous Material,0.1148214744413049
4,Other,0.04675057590547141
3,Chemical,0.03981505265861803
